,train_mse,train_mae,val_mse,val_mae,test_mse,test_mae,elapsed_time,vram_usage_gb
0,0.38767486054074174,0.35705285548020965,0.2168599835418071,0.3206406126544548,0.29715380534877467,0.3476359418253924,21.084259033203125,0.345703125
