,epoch,train_loss,valid_loss,time_epoch_s
0,1,0.510547262430191,0.36268304774943877,2.1178762912750244
1,2,0.6671136975288391,0.3671375948460022,1.7903342247009277
2,3,0.49016823768615725,0.35068550578269136,1.7642669677734375
3,4,0.5665651381015777,0.344733452796936,1.5669314861297607
4,5,0.45688124299049376,0.33911831582693314,1.5872547626495361
5,6,0.39648759365081787,0.3391042042926159,1.6091430187225342
6,7,0.5000322341918946,0.3394453110125772,1.6013481616973877
7,8,0.4399673193693161,0.33960222546852875,1.6235535144805908
8,9,0.4428867757320404,0.3391475066923205,1.6132404804229736
